{
  "meta": {
    "source_file": "유선정책 단가도해 함수.xlsx",
    "generated_at": "2026-01-27 06:24:15",
    "currency_unit": "원",
    "ui_label_rules": "외부 노출 단어(공시/지원금) 미사용. 정책금액/혜택금액으로 표기."
  },
  "wired_table": [
    {
      "group": "I 단품",
      "internet": "슬림",
      "tv": null,
      "base_policy": 10000,
      "bundle_policy": 0,
      "total_no_gift": 10000,
      "onestop_gift": 80000,
      "total_with_onestop": 90000,
      "genie3_add": 0,
      "total_with_genie3": 90000
    },
    {
      "group": "I 단품",
      "internet": "슬림플러스↓",
      "tv": null,
      "base_policy": 30000,
      "bundle_policy": 0,
      "total_no_gift": 30000,
      "onestop_gift": 0,
      "total_with_onestop": 30000,
      "genie3_add": 0,
      "total_with_genie3": 30000
    },
    {
      "group": "I 단품",
      "internet": "베이직",
      "tv": null,
      "base_policy": 80000,
      "bundle_policy": 0,
      "total_no_gift": 80000,
      "onestop_gift": 80000,
      "total_with_onestop": 160000,
      "genie3_add": 0,
      "total_with_genie3": 160000
    },
    {
      "group": "I 단품",
      "internet": "에센스",
      "tv": null,
      "base_policy": 120000,
      "bundle_policy": 0,
      "total_no_gift": 120000,
      "onestop_gift": 80000,
      "total_with_onestop": 200000,
      "genie3_add": 0,
      "total_with_genie3": 200000
    },
    {
      "group": "M+I",
      "internet": "슬림플러스↓",
      "tv": null,
      "base_policy": 30000,
      "bundle_policy": 0,
      "total_no_gift": 30000,
      "onestop_gift": 0,
      "total_with_onestop": 30000,
      "genie3_add": 0,
      "total_with_genie3": 30000
    },
    {
      "group": "M+I",
      "internet": "베이직",
      "tv": null,
      "base_policy": 80000,
      "bundle_policy": 0,
      "total_no_gift": 80000,
      "onestop_gift": 80000,
      "total_with_onestop": 160000,
      "genie3_add": 0,
      "total_with_genie3": 160000
    },
    {
      "group": "M+I",
      "internet": "에센스",
      "tv": null,
      "base_policy": 120000,
      "bundle_policy": 0,
      "total_no_gift": 120000,
      "onestop_gift": 80000,
      "total_with_onestop": 200000,
      "genie3_add": 0,
      "total_with_genie3": 200000
    },
    {
      "group": "U+I",
      "internet": "슬림플러스↓",
      "tv": null,
      "base_policy": 30000,
      "bundle_policy": 0,
      "total_no_gift": 30000,
      "onestop_gift": 0,
      "total_with_onestop": 30000,
      "genie3_add": 0,
      "total_with_genie3": 30000
    },
    {
      "group": "U+I",
      "internet": "베이직",
      "tv": null,
      "base_policy": 80000,
      "bundle_policy": 0,
      "total_no_gift": 80000,
      "onestop_gift": 80000,
      "total_with_onestop": 160000,
      "genie3_add": 0,
      "total_with_genie3": 160000
    },
    {
      "group": "U+I",
      "internet": "에센스",
      "tv": null,
      "base_policy": 120000,
      "bundle_policy": 0,
      "total_no_gift": 120000,
      "onestop_gift": 80000,
      "total_with_onestop": 200000,
      "genie3_add": 0,
      "total_with_genie3": 200000
    },
    {
      "group": "I+T",
      "internet": "슬림플러스↓",
      "tv": "라이트/베이직",
      "base_policy": 40000,
      "bundle_policy": 50000,
      "total_no_gift": 90000,
      "onestop_gift": 80000,
      "total_with_onestop": 170000,
      "genie3_add": 40000,
      "total_with_genie3": 210000
    },
    {
      "group": "I+T",
      "internet": null,
      "tv": "에센스/플러스",
      "base_policy": 60000,
      "bundle_policy": 50000,
      "total_no_gift": 110000,
      "onestop_gift": 80000,
      "total_with_onestop": 190000,
      "genie3_add": 60000,
      "total_with_genie3": 250000
    },
    {
      "group": "I+T",
      "internet": null,
      "tv": "모든G 이상",
      "base_policy": 100000,
      "bundle_policy": 90000,
      "total_no_gift": 190000,
      "onestop_gift": 80000,
      "total_with_onestop": 270000,
      "genie3_add": 60000,
      "total_with_genie3": 330000
    },
    {
      "group": "I+T",
      "internet": "베이직",
      "tv": "라이트/베이직",
      "base_policy": 90000,
      "bundle_policy": 50000,
      "total_no_gift": 140000,
      "onestop_gift": 80000,
      "total_with_onestop": 220000,
      "genie3_add": 40000,
      "total_with_genie3": 260000
    },
    {
      "group": "I+T",
      "internet": null,
      "tv": "에센스/플러스",
      "base_policy": 110000,
      "bundle_policy": 50000,
      "total_no_gift": 160000,
      "onestop_gift": 80000,
      "total_with_onestop": 240000,
      "genie3_add": 60000,
      "total_with_genie3": 300000
    },
    {
      "group": "I+T",
      "internet": null,
      "tv": "모든G 이상",
      "base_policy": 150000,
      "bundle_policy": 90000,
      "total_no_gift": 240000,
      "onestop_gift": 80000,
      "total_with_onestop": 320000,
      "genie3_add": 60000,
      "total_with_genie3": 380000
    },
    {
      "group": "I+T",
      "internet": "에센스",
      "tv": "라이트/베이직",
      "base_policy": 130000,
      "bundle_policy": 120000,
      "total_no_gift": 250000,
      "onestop_gift": 80000,
      "total_with_onestop": 330000,
      "genie3_add": 40000,
      "total_with_genie3": 370000
    },
    {
      "group": "I+T",
      "internet": null,
      "tv": "에센스/플러스",
      "base_policy": 150000,
      "bundle_policy": 120000,
      "total_no_gift": 270000,
      "onestop_gift": 80000,
      "total_with_onestop": 350000,
      "genie3_add": 60000,
      "total_with_genie3": 410000
    },
    {
      "group": "I+T",
      "internet": null,
      "tv": "모든G 이상",
      "base_policy": 190000,
      "bundle_policy": 160000,
      "total_no_gift": 350000,
      "onestop_gift": 80000,
      "total_with_onestop": 430000,
      "genie3_add": 60000,
      "total_with_genie3": 490000
    },
    {
      "group": "M+I+T",
      "internet": "슬림플러스↓",
      "tv": "라이트/베이직",
      "base_policy": 40000,
      "bundle_policy": 260000,
      "total_no_gift": 300000,
      "onestop_gift": 80000,
      "total_with_onestop": 380000,
      "genie3_add": 40000,
      "total_with_genie3": 420000
    },
    {
      "group": "M+I+T",
      "internet": null,
      "tv": "에센스/플러스",
      "base_policy": 60000,
      "bundle_policy": 260000,
      "total_no_gift": 320000,
      "onestop_gift": 80000,
      "total_with_onestop": 400000,
      "genie3_add": 60000,
      "total_with_genie3": 460000
    },
    {
      "group": "M+I+T",
      "internet": null,
      "tv": "모든G 이상",
      "base_policy": 100000,
      "bundle_policy": 310000,
      "total_no_gift": 410000,
      "onestop_gift": 80000,
      "total_with_onestop": 490000,
      "genie3_add": 60000,
      "total_with_genie3": 550000
    },
    {
      "group": "M+I+T",
      "internet": "베이직",
      "tv": "라이트/베이직",
      "base_policy": 90000,
      "bundle_policy": 300000,
      "total_no_gift": 390000,
      "onestop_gift": 80000,
      "total_with_onestop": 470000,
      "genie3_add": 40000,
      "total_with_genie3": 510000
    },
    {
      "group": "M+I+T",
      "internet": null,
      "tv": "에센스/플러스",
      "base_policy": 110000,
      "bundle_policy": 300000,
      "total_no_gift": 410000,
      "onestop_gift": 80000,
      "total_with_onestop": 490000,
      "genie3_add": 60000,
      "total_with_genie3": 550000
    },
    {
      "group": "M+I+T",
      "internet": null,
      "tv": "모든G 이상",
      "base_policy": 150000,
      "bundle_policy": 350000,
      "total_no_gift": 500000,
      "onestop_gift": 80000,
      "total_with_onestop": 580000,
      "genie3_add": 60000,
      "total_with_genie3": 640000
    },
    {
      "group": "M+I+T",
      "internet": null,
      "tv": "모든G 이상(MNP)",
      "base_policy": 150000,
      "bundle_policy": 420000,
      "total_no_gift": 570000,
      "onestop_gift": 80000,
      "total_with_onestop": 650000,
      "genie3_add": 60000,
      "total_with_genie3": 710000
    },
    {
      "group": "M+I+T",
      "internet": "에센스",
      "tv": "라이트/베이직",
      "base_policy": 130000,
      "bundle_policy": 350000,
      "total_no_gift": 480000,
      "onestop_gift": 80000,
      "total_with_onestop": 560000,
      "genie3_add": 40000,
      "total_with_genie3": 600000
    },
    {
      "group": "M+I+T",
      "internet": null,
      "tv": "에센스/플러스",
      "base_policy": 150000,
      "bundle_policy": 350000,
      "total_no_gift": 500000,
      "onestop_gift": 80000,
      "total_with_onestop": 580000,
      "genie3_add": 60000,
      "total_with_genie3": 640000
    },
    {
      "group": "M+I+T",
      "internet": null,
      "tv": "모든G 이상",
      "base_policy": 190000,
      "bundle_policy": 400000,
      "total_no_gift": 590000,
      "onestop_gift": 80000,
      "total_with_onestop": 670000,
      "genie3_add": 60000,
      "total_with_genie3": 730000
    },
    {
      "group": "M+I+T",
      "internet": null,
      "tv": "모든G 이상(MNP)",
      "base_policy": 190000,
      "bundle_policy": 470000,
      "total_no_gift": 660000,
      "onestop_gift": 80000,
      "total_with_onestop": 740000,
      "genie3_add": 60000,
      "total_with_genie3": 800000
    },
    {
      "group": "U+I+T",
      "internet": "슬림플러스↓",
      "tv": "라이트/베이직",
      "base_policy": 40000,
      "bundle_policy": 210000,
      "total_no_gift": 250000,
      "onestop_gift": 80000,
      "total_with_onestop": 330000,
      "genie3_add": 40000,
      "total_with_genie3": 370000
    },
    {
      "group": "U+I+T",
      "internet": null,
      "tv": "에센스/플러스",
      "base_policy": 60000,
      "bundle_policy": 210000,
      "total_no_gift": 270000,
      "onestop_gift": 80000,
      "total_with_onestop": 350000,
      "genie3_add": 60000,
      "total_with_genie3": 410000
    },
    {
      "group": "U+I+T",
      "internet": null,
      "tv": "모든G 이상",
      "base_policy": 100000,
      "bundle_policy": 260000,
      "total_no_gift": 360000,
      "onestop_gift": 80000,
      "total_with_onestop": 440000,
      "genie3_add": 60000,
      "total_with_genie3": 500000
    },
    {
      "group": "U+I+T",
      "internet": "베이직",
      "tv": "라이트/베이직",
      "base_policy": 90000,
      "bundle_policy": 250000,
      "total_no_gift": 340000,
      "onestop_gift": 80000,
      "total_with_onestop": 420000,
      "genie3_add": 40000,
      "total_with_genie3": 460000
    },
    {
      "group": "U+I+T",
      "internet": null,
      "tv": "에센스/플러스",
      "base_policy": 110000,
      "bundle_policy": 250000,
      "total_no_gift": 360000,
      "onestop_gift": 80000,
      "total_with_onestop": 440000,
      "genie3_add": 60000,
      "total_with_genie3": 500000
    },
    {
      "group": "U+I+T",
      "internet": null,
      "tv": "모든G 이상",
      "base_policy": 150000,
      "bundle_policy": 370000,
      "total_no_gift": 520000,
      "onestop_gift": 80000,
      "total_with_onestop": 600000,
      "genie3_add": 60000,
      "total_with_genie3": 660000
    },
    {
      "group": "U+I+T",
      "internet": "에센스",
      "tv": "라이트/베이직",
      "base_policy": 130000,
      "bundle_policy": 300000,
      "total_no_gift": 430000,
      "onestop_gift": 80000,
      "total_with_onestop": 510000,
      "genie3_add": 40000,
      "total_with_genie3": 550000
    },
    {
      "group": "U+I+T",
      "internet": null,
      "tv": "에센스/플러스",
      "base_policy": 150000,
      "bundle_policy": 300000,
      "total_no_gift": 450000,
      "onestop_gift": 80000,
      "total_with_onestop": 530000,
      "genie3_add": 60000,
      "total_with_genie3": 590000
    },
    {
      "group": "U+I+T",
      "internet": null,
      "tv": "모든G 이상",
      "base_policy": 190000,
      "bundle_policy": 420000,
      "total_no_gift": 610000,
      "onestop_gift": 80000,
      "total_with_onestop": 690000,
      "genie3_add": 60000,
      "total_with_genie3": 750000
    }
  ],
  "uit_table": [
    {
      "group": "U+I+T",
      "internet": "슬림플러스↓",
      "tv": "라이트/베이직",
      "mobile_tier": "37K",
      "u_policy": 100000,
      "base_policy": 40000,
      "bundle_policy": 210000,
      "total_no_gift": 350000,
      "onestop_gift": 80000,
      "total_with_onestop": 430000,
      "genie3_add": 40000,
      "total_with_genie3": 470000
    },
    {
      "group": "U+I+T",
      "internet": null,
      "tv": "에센스/플러스",
      "mobile_tier": "37K",
      "u_policy": 100000,
      "base_policy": 60000,
      "bundle_policy": 210000,
      "total_no_gift": 370000,
      "onestop_gift": 80000,
      "total_with_onestop": 450000,
      "genie3_add": 60000,
      "total_with_genie3": 510000
    },
    {
      "group": "U+I+T",
      "internet": null,
      "tv": "모든G 이상",
      "mobile_tier": "37K",
      "u_policy": 100000,
      "base_policy": 100000,
      "bundle_policy": 260000,
      "total_no_gift": 460000,
      "onestop_gift": 80000,
      "total_with_onestop": 540000,
      "genie3_add": 60000,
      "total_with_genie3": 600000
    },
    {
      "group": "U+I+T",
      "internet": "베이직",
      "tv": "라이트/베이직",
      "mobile_tier": "37K",
      "u_policy": 100000,
      "base_policy": 90000,
      "bundle_policy": 250000,
      "total_no_gift": 440000,
      "onestop_gift": 80000,
      "total_with_onestop": 520000,
      "genie3_add": 40000,
      "total_with_genie3": 560000
    },
    {
      "group": "U+I+T",
      "internet": null,
      "tv": "에센스/플러스",
      "mobile_tier": "37K",
      "u_policy": 100000,
      "base_policy": 110000,
      "bundle_policy": 250000,
      "total_no_gift": 460000,
      "onestop_gift": 80000,
      "total_with_onestop": 540000,
      "genie3_add": 60000,
      "total_with_genie3": 600000
    },
    {
      "group": "U+I+T",
      "internet": null,
      "tv": "모든G 이상",
      "mobile_tier": "37K",
      "u_policy": 100000,
      "base_policy": 150000,
      "bundle_policy": 370000,
      "total_no_gift": 620000,
      "onestop_gift": 80000,
      "total_with_onestop": 700000,
      "genie3_add": 60000,
      "total_with_genie3": 760000
    },
    {
      "group": "U+I+T",
      "internet": "에센스",
      "tv": "라이트/베이직",
      "mobile_tier": "37K",
      "u_policy": 100000,
      "base_policy": 130000,
      "bundle_policy": 300000,
      "total_no_gift": 530000,
      "onestop_gift": 80000,
      "total_with_onestop": 610000,
      "genie3_add": 40000,
      "total_with_genie3": 650000
    },
    {
      "group": "U+I+T",
      "internet": null,
      "tv": "에센스/플러스",
      "mobile_tier": "37K",
      "u_policy": 100000,
      "base_policy": 150000,
      "bundle_policy": 300000,
      "total_no_gift": 550000,
      "onestop_gift": 80000,
      "total_with_onestop": 630000,
      "genie3_add": 60000,
      "total_with_genie3": 690000
    },
    {
      "group": "U+I+T",
      "internet": null,
      "tv": "모든G 이상",
      "mobile_tier": "37K",
      "u_policy": 100000,
      "base_policy": 190000,
      "bundle_policy": 420000,
      "total_no_gift": 710000,
      "onestop_gift": 80000,
      "total_with_onestop": 790000,
      "genie3_add": 60000,
      "total_with_genie3": 850000
    },
    {
      "group": "U+I+T",
      "internet": "슬림플러스↓",
      "tv": "라이트/베이직",
      "mobile_tier": "69K",
      "u_policy": 200000,
      "base_policy": 40000,
      "bundle_policy": 210000,
      "total_no_gift": 450000,
      "onestop_gift": 80000,
      "total_with_onestop": 530000,
      "genie3_add": 40000,
      "total_with_genie3": 570000
    },
    {
      "group": "U+I+T",
      "internet": null,
      "tv": "에센스/플러스",
      "mobile_tier": "69K",
      "u_policy": 200000,
      "base_policy": 60000,
      "bundle_policy": 210000,
      "total_no_gift": 470000,
      "onestop_gift": 80000,
      "total_with_onestop": 550000,
      "genie3_add": 60000,
      "total_with_genie3": 610000
    },
    {
      "group": "U+I+T",
      "internet": null,
      "tv": "모든G 이상",
      "mobile_tier": "69K",
      "u_policy": 200000,
      "base_policy": 100000,
      "bundle_policy": 260000,
      "total_no_gift": 560000,
      "onestop_gift": 80000,
      "total_with_onestop": 640000,
      "genie3_add": 60000,
      "total_with_genie3": 700000
    },
    {
      "group": "U+I+T",
      "internet": "베이직",
      "tv": "라이트/베이직",
      "mobile_tier": "69K",
      "u_policy": 200000,
      "base_policy": 90000,
      "bundle_policy": 250000,
      "total_no_gift": 540000,
      "onestop_gift": 80000,
      "total_with_onestop": 620000,
      "genie3_add": 40000,
      "total_with_genie3": 660000
    },
    {
      "group": "U+I+T",
      "internet": null,
      "tv": "에센스/플러스",
      "mobile_tier": "69K",
      "u_policy": 200000,
      "base_policy": 110000,
      "bundle_policy": 250000,
      "total_no_gift": 560000,
      "onestop_gift": 80000,
      "total_with_onestop": 640000,
      "genie3_add": 60000,
      "total_with_genie3": 700000
    },
    {
      "group": "U+I+T",
      "internet": null,
      "tv": "모든G 이상",
      "mobile_tier": "69K",
      "u_policy": 200000,
      "base_policy": 150000,
      "bundle_policy": 370000,
      "total_no_gift": 720000,
      "onestop_gift": 80000,
      "total_with_onestop": 800000,
      "genie3_add": 60000,
      "total_with_genie3": 860000
    },
    {
      "group": "U+I+T",
      "internet": "에센스",
      "tv": "라이트/베이직",
      "mobile_tier": "69K",
      "u_policy": 200000,
      "base_policy": 130000,
      "bundle_policy": 300000,
      "total_no_gift": 630000,
      "onestop_gift": 80000,
      "total_with_onestop": 710000,
      "genie3_add": 40000,
      "total_with_genie3": 750000
    },
    {
      "group": "U+I+T",
      "internet": null,
      "tv": "에센스/플러스",
      "mobile_tier": "69K",
      "u_policy": 200000,
      "base_policy": 150000,
      "bundle_policy": 300000,
      "total_no_gift": 650000,
      "onestop_gift": 80000,
      "total_with_onestop": 730000,
      "genie3_add": 60000,
      "total_with_genie3": 790000
    },
    {
      "group": "U+I+T",
      "internet": null,
      "tv": "모든G 이상",
      "mobile_tier": "69K",
      "u_policy": 200000,
      "base_policy": 190000,
      "bundle_policy": 420000,
      "total_no_gift": 810000,
      "onestop_gift": 80000,
      "total_with_onestop": 890000,
      "genie3_add": 60000,
      "total_with_genie3": 950000
    },
    {
      "group": "U+I+T",
      "internet": "슬림플러스↓",
      "tv": "라이트/베이직",
      "mobile_tier": "90K",
      "u_policy": 250000,
      "base_policy": 40000,
      "bundle_policy": 210000,
      "total_no_gift": 500000,
      "onestop_gift": 80000,
      "total_with_onestop": 580000,
      "genie3_add": 40000,
      "total_with_genie3": 620000
    },
    {
      "group": "U+I+T",
      "internet": null,
      "tv": "에센스/플러스",
      "mobile_tier": "90K",
      "u_policy": 250000,
      "base_policy": 60000,
      "bundle_policy": 210000,
      "total_no_gift": 520000,
      "onestop_gift": 80000,
      "total_with_onestop": 600000,
      "genie3_add": 60000,
      "total_with_genie3": 660000
    },
    {
      "group": "U+I+T",
      "internet": null,
      "tv": "모든G 이상",
      "mobile_tier": "90K",
      "u_policy": 250000,
      "base_policy": 100000,
      "bundle_policy": 260000,
      "total_no_gift": 610000,
      "onestop_gift": 80000,
      "total_with_onestop": 690000,
      "genie3_add": 60000,
      "total_with_genie3": 750000
    },
    {
      "group": "U+I+T",
      "internet": "베이직",
      "tv": "라이트/베이직",
      "mobile_tier": "90K",
      "u_policy": 250000,
      "base_policy": 90000,
      "bundle_policy": 250000,
      "total_no_gift": 590000,
      "onestop_gift": 80000,
      "total_with_onestop": 670000,
      "genie3_add": 40000,
      "total_with_genie3": 710000
    },
    {
      "group": "U+I+T",
      "internet": null,
      "tv": "에센스/플러스",
      "mobile_tier": "90K",
      "u_policy": 250000,
      "base_policy": 110000,
      "bundle_policy": 250000,
      "total_no_gift": 610000,
      "onestop_gift": 80000,
      "total_with_onestop": 690000,
      "genie3_add": 60000,
      "total_with_genie3": 750000
    },
    {
      "group": "U+I+T",
      "internet": null,
      "tv": "모든G 이상",
      "mobile_tier": "90K",
      "u_policy": 250000,
      "base_policy": 150000,
      "bundle_policy": 370000,
      "total_no_gift": 770000,
      "onestop_gift": 80000,
      "total_with_onestop": 850000,
      "genie3_add": 60000,
      "total_with_genie3": 910000
    },
    {
      "group": "U+I+T",
      "internet": "에센스",
      "tv": "라이트/베이직",
      "mobile_tier": "90K",
      "u_policy": 250000,
      "base_policy": 130000,
      "bundle_policy": 300000,
      "total_no_gift": 680000,
      "onestop_gift": 80000,
      "total_with_onestop": 760000,
      "genie3_add": 40000,
      "total_with_genie3": 800000
    },
    {
      "group": "U+I+T",
      "internet": null,
      "tv": "에센스/플러스",
      "mobile_tier": "90K",
      "u_policy": 250000,
      "base_policy": 150000,
      "bundle_policy": 300000,
      "total_no_gift": 700000,
      "onestop_gift": 80000,
      "total_with_onestop": 780000,
      "genie3_add": 60000,
      "total_with_genie3": 840000
    },
    {
      "group": "U+I+T",
      "internet": null,
      "tv": "모든G 이상",
      "mobile_tier": "90K",
      "u_policy": 250000,
      "base_policy": 190000,
      "bundle_policy": 420000,
      "total_no_gift": 860000,
      "onestop_gift": 80000,
      "total_with_onestop": 940000,
      "genie3_add": 60000,
      "total_with_genie3": 1000000
    },
    {
      "group": "U+I 정책",
      "internet": null,
      "tv": null,
      "mobile_tier": "90K",
      "u_policy": null,
      "base_policy": null,
      "bundle_policy": null,
      "total_no_gift": null,
      "onestop_gift": null,
      "total_with_onestop": null,
      "genie3_add": null,
      "total_with_genie3": null
    },
    {
      "group": "구분",
      "internet": "인터넷\n(순신규)",
      "tv": "TV\n(기본단말)",
      "mobile_tier": "모바일\n(UMNP)",
      "u_policy": "U 정책",
      "base_policy": "기본정책",
      "bundle_policy": "결합정책",
      "total_no_gift": "정책합계\n(사은품 미포함)",
      "onestop_gift": "원스톱\n(타사사은품)",
      "total_with_onestop": "정책합계\n(사은품 미포함)",
      "genie3_add": "기가지니3\n셋탑",
      "total_with_genie3": "정책합계\n(지니3 포함)"
    },
    {
      "group": "U+I",
      "internet": "슬림플러스↓",
      "tv": null,
      "mobile_tier": "37K",
      "u_policy": 100000,
      "base_policy": 30000,
      "bundle_policy": 100000,
      "total_no_gift": 130000,
      "onestop_gift": 80000,
      "total_with_onestop": 210000,
      "genie3_add": 0,
      "total_with_genie3": 210000
    },
    {
      "group": "U+I",
      "internet": "베이직",
      "tv": null,
      "mobile_tier": "37K",
      "u_policy": 100000,
      "base_policy": 80000,
      "bundle_policy": 130000,
      "total_no_gift": 210000,
      "onestop_gift": 80000,
      "total_with_onestop": 290000,
      "genie3_add": 0,
      "total_with_genie3": 290000
    },
    {
      "group": "U+I",
      "internet": "에센스",
      "tv": null,
      "mobile_tier": "37K",
      "u_policy": 100000,
      "base_policy": 120000,
      "bundle_policy": 180000,
      "total_no_gift": 300000,
      "onestop_gift": 80000,
      "total_with_onestop": 380000,
      "genie3_add": 0,
      "total_with_genie3": 380000
    },
    {
      "group": "U+I",
      "internet": "슬림플러스↓",
      "tv": null,
      "mobile_tier": "69K",
      "u_policy": 200000,
      "base_policy": 30000,
      "bundle_policy": 100000,
      "total_no_gift": 130000,
      "onestop_gift": 80000,
      "total_with_onestop": 210000,
      "genie3_add": 0,
      "total_with_genie3": 210000
    },
    {
      "group": "U+I",
      "internet": "베이직",
      "tv": null,
      "mobile_tier": "69K",
      "u_policy": 200000,
      "base_policy": 80000,
      "bundle_policy": 130000,
      "total_no_gift": 210000,
      "onestop_gift": 80000,
      "total_with_onestop": 290000,
      "genie3_add": 0,
      "total_with_genie3": 290000
    },
    {
      "group": "U+I",
      "internet": "에센스",
      "tv": null,
      "mobile_tier": "69K",
      "u_policy": 200000,
      "base_policy": 120000,
      "bundle_policy": 180000,
      "total_no_gift": 300000,
      "onestop_gift": 80000,
      "total_with_onestop": 380000,
      "genie3_add": 0,
      "total_with_genie3": 380000
    },
    {
      "group": "U+I",
      "internet": "슬림플러스↓",
      "tv": null,
      "mobile_tier": "90K",
      "u_policy": 250000,
      "base_policy": 30000,
      "bundle_policy": 100000,
      "total_no_gift": 130000,
      "onestop_gift": 80000,
      "total_with_onestop": 210000,
      "genie3_add": 0,
      "total_with_genie3": 210000
    },
    {
      "group": "U+I",
      "internet": "베이직",
      "tv": null,
      "mobile_tier": "90K",
      "u_policy": 250000,
      "base_policy": 80000,
      "bundle_policy": 130000,
      "total_no_gift": 210000,
      "onestop_gift": 80000,
      "total_with_onestop": 290000,
      "genie3_add": 0,
      "total_with_genie3": 290000
    },
    {
      "group": "U+I",
      "internet": "에센스",
      "tv": null,
      "mobile_tier": "90K",
      "u_policy": 250000,
      "base_policy": 120000,
      "bundle_policy": 180000,
      "total_no_gift": 300000,
      "onestop_gift": 80000,
      "total_with_onestop": 380000,
      "genie3_add": 0,
      "total_with_genie3": 380000
    }
  ]
}